Date,Sales_Revenue,Marketing_Spend,Store_Traffic,Discount_Percent,Is_Holiday
2023-01-01,148104.91,10703.05,2243,20,1
2023-01-02,50861.16,2599.85,751,5,0
2023-01-03,53271.91,2123.51,808,10,0
2023-01-04,61713.51,5704.89,1286,0,0
2023-01-05,51127.3,2279.99,891,5,0
2023-01-06,88533.34,7119.57,1410,5,0
2023-01-07,111196.22,8514.58,1997,0,0
2023-01-08,123394.57,10911.31,2326,0,0
2023-01-09,54129.69,3385.36,1068,5,0
2023-01-10,56593.74,4971.06,1262,0,0
2023-01-11,58870.67,4550.94,1171,10,0
2023-01-12,77752.38,7817.51,1555,5,0
2023-01-13,60123.07,3179.91,900,0,0
2023-01-14,117631.03,7333.41,1895,15,0
2023-01-15,100518.44,7358.65,1885,0,0
2023-01-16,45471.18,2093.82,701,5,0
2023-01-17,61722.8,3193.05,1057,5,0
2023-01-18,50119.58,2444.27,826,0,0
2023-01-19,67571.97,5739.79,1250,10,0
2023-01-20,96184.89,8928.69,1738,0,0
2023-01-21,103597.18,6016.59,1558,5,0
2023-01-22,101557.82,6947.88,1530,5,0
2023-01-23,59767.92,4636.02,1168,0,0
2023-01-24,63732.49,3886.14,1138,10,0
2023-01-25,70332.35,5239.05,1358,5,0
2023-01-26,116409.59,13640.73,2277,15,1
2023-01-27,80104.21,6634.89,1363,5,0
2023-01-28,94825.72,5524.5,1545,5,0
2023-01-29,85587.94,3724.44,1268,15,0
2023-01-30,57629.44,4115.41,1024,5,0
2023-01-31,60502.56,4504.47,1108,5,0
2023-02-01,53023.81,3464.75,977,0,0
2023-02-02,61863.71,4423.02,1129,5,0
2023-02-03,73575.81,4914.97,1036,0,0
2023-02-04,136464.73,11181.02,2382,15,0
2023-02-05,125463.27,10429.43,2256,15,0
2023-02-06,71002.85,4686.7,1335,5,0
2023-02-07,61944.98,4217.93,1164,10,0
2023-02-08,74800.92,5793.83,1342,0,0
2023-02-09,59430.77,2904.31,1103,5,0
2023-02-10,90100.9,7763.5,1407,5,0
2023-02-11,124964.76,10700.4,2397,15,0
2023-02-12,87898.36,3955.18,1263,10,0
2023-02-13,64569.4,5248.69,1147,0,0
2023-02-14,70133.11,7893.01,1410,0,0
2023-02-15,59374.89,2558.62,791,5,0
2023-02-16,66345.15,6202.15,1352,0,0
2023-02-17,98123.24,8193.07,1601,5,0
2023-02-18,94946.94,5927.18,1540,5,0
2023-02-19,109327.45,8611.92,1922,0,0
2023-02-20,52526.22,2108.45,746,5,0
2023-02-21,67112.3,5945.68,1244,5,0
2023-02-22,63448.5,5818.0,1341,10,0
2023-02-23,70237.54,4920.45,1179,10,0
2023-02-24,104039.97,7022.15,1421,10,0
2023-02-25,108134.0,4733.56,1737,15,0
2023-02-26,109829.45,8221.97,1970,0,0
2023-02-27,59422.55,5433.75,1176,0,0
2023-02-28,52560.01,3901.53,1085,0,0
2023-03-01,90781.18,7580.1,1417,5,0
2023-03-02,66815.59,3771.74,1123,0,0
2023-03-03,103034.44,8700.87,1533,0,0
2023-03-04,158211.0,9604.95,2241,0,0
2023-03-05,102697.94,4431.9,1397,5,0
2023-03-06,73862.52,7340.03,1388,0,0
2023-03-07,74950.71,4630.84,1059,0,0
2023-03-08,67410.36,5255.87,1285,0,0
2023-03-09,68671.92,2224.09,829,5,0
2023-03-10,99963.47,5543.87,1221,5,0
2023-03-11,152056.53,8032.28,2192,10,0
2023-03-12,91372.02,3962.17,1212,5,0
2023-03-13,73023.9,2470.74,936,10,0
2023-03-14,65566.83,2349.16,872,0,0
2023-03-15,126785.7,10730.13,1917,15,1
2023-03-16,78838.07,6380.24,1372,5,0
2023-03-17,120153.36,9165.91,1735,5,0
2023-03-18,113856.85,2944.15,1261,15,0
2023-03-19,94815.11,4254.9,1187,5,0
2023-03-20,85711.1,7694.87,1497,0,0
2023-03-21,83521.65,5755.16,1383,10,0
2023-03-22,78777.41,6103.78,1377,0,0
2023-03-23,65747.08,2159.07,910,5,0
2023-03-24,108690.02,6060.63,1278,5,0
2023-03-25,157981.64,9693.37,2317,15,0
2023-03-26,137440.21,10404.95,2338,0,0
2023-03-27,74413.92,5934.34,1436,0,0
2023-03-28,69557.16,3564.17,1183,0,0
2023-03-29,85165.72,5773.66,1321,10,0
2023-03-30,90583.52,7805.48,1359,5,0
2023-03-31,121249.54,11120.24,1791,10,0
2023-04-01,124132.18,4804.21,1585,10,0
2023-04-02,114193.24,3666.24,1300,15,0
2023-04-03,71147.63,4337.71,1073,5,0
2023-04-04,63911.94,2065.03,873,5,0
2023-04-05,86101.32,5440.63,1187,5,0
2023-04-06,80757.64,5614.65,1158,10,0
2023-04-07,112675.13,9449.26,1677,0,0
2023-04-08,127298.5,6508.86,1695,5,0
2023-04-09,147393.16,10936.68,2478,0,0
2023-04-10,61395.94,2606.74,932,0,0
2023-04-11,74753.46,4379.91,999,10,0
2023-04-12,73984.04,4223.85,1049,10,0
2023-04-13,75475.7,4267.93,1030,5,0
2023-04-14,88159.09,3734.06,1023,5,0
2023-04-15,141333.34,7600.37,1975,10,0
2023-04-16,138675.97,8253.37,2038,5,0
2023-04-17,69364.89,4401.34,1060,0,0
2023-04-18,73931.75,3341.58,1006,5,0
2023-04-19,79757.67,7514.69,1569,0,0
2023-04-20,80041.36,5138.59,1332,0,0
2023-04-21,109425.61,8071.49,1638,0,0
2023-04-22,142994.76,10488.14,2235,0,0
2023-04-23,104805.99,5130.0,1502,5,0
2023-04-24,62518.79,3376.37,941,5,0
2023-04-25,94018.84,7917.26,1577,0,0
2023-04-26,78060.94,4467.24,1014,10,0
2023-04-27,90955.36,7465.56,1555,0,0
2023-04-28,96329.92,3495.09,1030,10,0
2023-04-29,111368.64,3021.48,1320,15,0
2023-04-30,144418.81,11076.4,2547,0,0
2023-05-01,82154.21,7819.49,1560,0,0
2023-05-02,62717.03,2220.93,884,10,0
2023-05-03,87158.05,7998.31,1560,10,0
2023-05-04,85876.92,6356.73,1311,10,0
2023-05-05,94962.0,6584.57,1280,0,0
2023-05-06,132968.12,9158.79,2122,5,0
2023-05-07,133383.91,9287.47,2260,5,0
2023-05-08,96946.03,7807.84,1491,10,0
2023-05-09,77206.44,5721.86,1209,5,0
2023-05-10,91536.71,7882.78,1674,5,0
2023-05-11,68481.26,2546.01,934,0,0
2023-05-12,108355.01,9382.69,1856,5,0
2023-05-13,133865.74,8660.19,2028,0,0
2023-05-14,108581.44,6933.78,1761,5,0
2023-05-15,71253.96,5724.83,1195,5,0
2023-05-16,62880.12,3440.87,1042,5,0
2023-05-17,76139.45,4074.0,1083,10,0
2023-05-18,86986.22,7838.66,1431,10,0
2023-05-19,86813.1,4219.05,1041,10,0
2023-05-20,121780.61,7409.21,1646,5,0
2023-05-21,111076.19,5859.87,1825,0,0
2023-05-22,64921.41,2553.74,1063,5,0
2023-05-23,78512.99,7525.23,1494,0,0
2023-05-24,60667.92,2507.1,915,0,0
2023-05-25,79374.81,6559.73,1529,0,0
2023-05-26,78757.9,3108.14,1041,5,0
2023-05-27,123050.74,7269.75,1827,10,0
2023-05-28,118331.9,6136.18,1698,15,0
2023-05-29,54513.34,2120.43,769,0,0
2023-05-30,64511.37,5212.01,1169,0,0
2023-05-31,83621.69,6074.61,1328,5,0
2023-06-01,75242.67,5222.64,1348,0,0
2023-06-02,95755.51,7541.45,1383,5,0
2023-06-03,125441.82,8225.7,1791,0,0
2023-06-04,109659.68,5574.93,1523,15,0
2023-06-05,57516.22,2964.09,908,0,0
2023-06-06,62996.72,2481.4,697,5,0
2023-06-07,88723.38,7983.53,1571,5,0
2023-06-08,84038.16,7193.04,1417,5,0
2023-06-09,118757.65,9695.24,1786,0,0
2023-06-10,111889.9,5151.82,1456,5,0
2023-06-11,133405.29,8772.0,2128,15,0
2023-06-12,68476.31,2689.02,800,10,0
2023-06-13,74990.19,5036.62,1188,5,0
2023-06-14,56899.23,2310.94,808,0,0
2023-06-15,80207.16,7939.76,1633,0,0
2023-06-16,87400.44,3966.13,1267,5,0
2023-06-17,123316.36,5730.49,1626,15,0
2023-06-18,121313.72,5985.52,1665,15,0
2023-06-19,79537.92,7050.97,1473,5,0
2023-06-20,63858.14,2981.94,989,5,0
2023-06-21,75691.14,5802.55,1274,0,0
2023-06-22,76095.73,4354.67,1102,5,0
2023-06-23,105504.78,8042.45,1378,0,0
2023-06-24,111718.06,4750.59,1437,5,0
2023-06-25,89838.43,3359.6,1277,5,0
2023-06-26,86532.71,7638.99,1398,5,0
2023-06-27,90967.53,6764.15,1462,5,0
2023-06-28,78242.53,6731.58,1371,10,0
2023-06-29,74383.32,6671.43,1372,0,0
2023-06-30,118450.43,9204.65,1676,10,0
2023-07-01,104666.06,3729.31,1437,0,0
2023-07-02,128491.83,6885.4,1923,10,0
2023-07-03,89478.87,5846.89,1334,5,0
2023-07-04,71809.98,5594.18,1177,0,0
2023-07-05,80293.49,7683.7,1544,0,0
2023-07-06,83190.22,5668.73,1288,5,0
2023-07-07,119998.42,9436.71,1684,0,0
2023-07-08,125841.85,6362.7,1722,5,0
2023-07-09,142680.57,10449.76,2283,5,0
2023-07-10,93369.4,7033.39,1448,10,0
2023-07-11,73078.25,4275.83,1049,0,0
2023-07-12,53234.63,2027.79,762,0,0
2023-07-13,89558.56,7181.11,1456,5,0
2023-07-14,113028.04,8995.01,1559,5,0
2023-07-15,154298.02,10467.1,2366,15,0
2023-07-16,126635.72,6318.97,1673,10,0
2023-07-17,64918.24,3665.52,986,0,0
2023-07-18,70512.75,3068.22,904,10,0
2023-07-19,63032.61,3106.78,887,5,0
2023-07-20,73671.37,3259.43,981,10,0
2023-07-21,112113.55,8049.8,1652,5,0
2023-07-22,111847.35,3351.95,1226,5,0
2023-07-23,112837.13,7289.43,1786,10,0
2023-07-24,68100.02,2931.44,974,5,0
2023-07-25,69358.05,4239.86,1175,5,0
2023-07-26,85893.5,6804.5,1395,0,0
2023-07-27,69413.53,3331.83,1057,10,0
2023-07-28,103784.36,7798.41,1600,5,0
2023-07-29,144271.16,8283.07,1956,15,0
2023-07-30,162887.34,11105.32,2540,15,0
2023-07-31,73153.38,4383.1,1039,0,0
2023-08-01,68154.28,2078.01,715,0,0
2023-08-02,87484.82,7463.74,1375,0,0
2023-08-03,69658.74,4178.36,1196,0,0
2023-08-04,104110.27,6463.46,1392,5,0
2023-08-05,114849.04,3976.95,1342,5,0
2023-08-06,112787.56,6756.95,1756,0,0
2023-08-07,74752.07,3612.06,1205,0,0
2023-08-08,70338.27,2836.14,837,10,0
2023-08-09,62973.15,2110.34,722,0,0
2023-08-10,80514.54,4431.49,1276,10,0
2023-08-11,90991.46,2892.36,967,5,0
2023-08-12,138314.85,8118.02,2243,0,0
2023-08-13,118769.22,6317.67,1735,15,0
2023-08-14,76135.6,4123.23,1106,10,0
2023-08-15,98375.74,7804.39,1462,10,1
2023-08-16,87261.05,6329.2,1402,10,0
2023-08-17,69825.03,4902.53,1212,5,0
2023-08-18,111940.12,7798.65,1535,10,0
2023-08-19,115954.26,4099.25,1316,0,0
2023-08-20,114526.17,3431.16,1260,10,0
2023-08-21,75583.76,5589.72,1207,0,0
2023-08-22,84620.85,6796.5,1328,0,0
2023-08-23,63616.73,2618.56,993,0,0
2023-08-24,71457.69,2820.91,932,5,0
2023-08-25,116133.42,7351.97,1512,10,0
2023-08-26,160575.76,9175.9,2210,15,0
2023-08-27,108017.38,4897.21,1331,5,0
2023-08-28,63844.69,2309.57,852,0,0
2023-08-29,74598.92,3083.45,1035,10,0
2023-08-30,82370.88,6386.14,1350,5,0
2023-08-31,89728.5,7665.6,1610,5,0
2023-09-01,99460.66,5480.44,1145,5,0
2023-09-02,133696.1,6840.92,1783,5,0
2023-09-03,130248.32,8888.04,2063,0,0
2023-09-04,81146.14,5230.41,1326,0,0
2023-09-05,87972.97,7315.87,1369,5,0
2023-09-06,87989.51,7220.59,1523,5,0
2023-09-07,67913.24,2420.18,1098,5,0
2023-09-08,133871.52,11066.3,1892,5,0
2023-09-09,140710.19,8995.69,2056,5,0
2023-09-10,114818.93,5294.82,1588,0,0
2023-09-11,58594.7,2252.56,715,5,0
2023-09-12,67025.0,3309.52,983,5,0
2023-09-13,87523.52,7422.34,1478,10,0
2023-09-14,89966.76,5897.88,1330,0,0
2023-09-15,83269.08,3194.34,950,0,0
2023-09-16,147675.82,9348.51,2102,10,0
2023-09-17,114234.75,4617.12,1692,0,0
2023-09-18,66328.98,3043.37,1078,0,0
2023-09-19,74566.73,2923.38,906,10,0
2023-09-20,86040.47,5221.85,1350,0,0
2023-09-21,74639.28,4744.59,1049,10,0
2023-09-22,133758.53,10265.48,1875,10,0
2023-09-23,136913.55,8975.79,1998,5,0
2023-09-24,120770.19,4981.93,1493,5,0
2023-09-25,93972.36,7772.73,1536,5,0
2023-09-26,82635.54,6948.09,1539,5,0
2023-09-27,94925.35,7186.96,1475,5,0
2023-09-28,90347.68,7103.49,1484,5,0
2023-09-29,101396.98,4805.0,1102,10,0
2023-09-30,155601.34,10199.31,2262,10,0
2023-10-01,124528.98,4720.45,1613,15,0
2023-10-02,83861.83,3668.97,1105,10,1
2023-10-03,78184.53,5359.07,1220,10,0
2023-10-04,80488.67,6679.07,1422,0,0
2023-10-05,83959.33,4593.44,1123,10,0
2023-10-06,89249.66,3661.08,1053,0,0
2023-10-07,149091.22,10757.3,2412,0,0
2023-10-08,129802.54,7690.23,2022,10,0
2023-10-09,86179.09,7114.49,1615,5,0
2023-10-10,75133.27,6549.58,1375,5,0
2023-10-11,72856.35,3515.05,1076,5,0
2023-10-12,78340.4,4708.32,1200,10,0
2023-10-13,102692.69,5306.35,1273,5,0
2023-10-14,129120.7,8297.89,1971,0,0
2023-10-15,157288.97,10440.01,2281,10,0
2023-10-16,80272.49,4456.0,1115,10,0
2023-10-17,71601.36,3202.15,1016,0,0
2023-10-18,84713.65,7186.15,1502,0,0
2023-10-19,88498.93,7211.74,1522,0,0
2023-10-20,122748.81,9192.6,1627,10,0
2023-10-21,172296.97,10459.42,2482,15,0
2023-10-22,119644.7,6414.57,1707,10,0
2023-10-23,75500.09,5909.12,1380,5,0
2023-10-24,130188.97,14231.0,2298,15,1
2023-10-25,76854.94,4354.96,1320,5,0
2023-10-26,85777.18,6169.89,1370,5,0
2023-10-27,101292.79,6836.26,1399,0,0
2023-10-28,141431.44,7595.6,1887,15,0
2023-10-29,144178.56,8700.71,2032,15,0
2023-10-30,66773.02,2434.5,973,0,0
2023-10-31,76462.89,6947.08,1322,0,0
2023-11-01,171318.7,11046.22,1879,20,1
2023-11-02,164956.02,10840.16,1917,10,1
2023-11-03,187298.64,5825.81,1444,25,1
2023-11-04,222014.14,10757.74,2490,10,0
2023-11-05,197259.3,9644.53,2327,5,0
2023-11-06,106353.93,4885.42,1321,5,0
2023-11-07,97393.31,3482.62,935,10,0
2023-11-08,112184.7,5952.25,1551,0,0
2023-11-09,102975.56,5919.58,1350,5,0
2023-11-10,156749.58,8262.74,1640,10,0
2023-11-11,165010.13,6314.56,1745,0,0
2023-11-12,213987.83,10093.49,2356,15,0
2023-11-13,115356.66,5772.59,1362,5,0
2023-11-14,96039.87,2240.66,886,5,0
2023-11-15,82483.07,2176.37,986,0,0
2023-11-16,107976.35,6757.74,1339,5,0
2023-11-17,160130.51,8032.92,1674,5,0
2023-11-18,195832.01,9318.4,2312,5,0
2023-11-19,157060.8,4795.36,1466,5,0
2023-11-20,84410.21,2584.36,1038,0,0
2023-11-21,104780.14,5975.73,1338,0,0
2023-11-22,113496.55,7816.47,1602,0,0
2023-11-23,111134.04,6640.84,1272,5,0
2023-11-24,133028.43,6513.0,1334,5,0
2023-11-25,200130.61,9762.62,2057,10,0
2023-11-26,204927.03,10768.1,2290,15,0
2023-11-27,102114.03,2220.03,934,10,0
2023-11-28,122770.81,6690.74,1365,5,0
2023-11-29,100972.35,5239.44,1203,0,0
2023-11-30,90276.63,2236.06,857,10,0
2023-12-01,128476.54,3543.87,1040,5,0
2023-12-02,173769.74,4046.08,1447,10,0
2023-12-03,158883.77,4935.49,1277,5,0
2023-12-04,98224.71,2837.91,865,0,0
2023-12-05,108331.5,3130.09,917,10,0
2023-12-06,122467.47,7780.08,1598,0,0
2023-12-07,106649.67,4245.78,1124,0,0
2023-12-08,125668.4,3055.25,982,0,0
2023-12-09,209806.24,7845.12,2010,5,0
2023-12-10,208445.14,8325.9,1991,15,0
2023-12-11,120499.54,6514.57,1360,5,0
2023-12-12,120251.64,7271.09,1337,5,0
2023-12-13,129589.39,6847.08,1479,5,0
2023-12-14,116207.18,7213.4,1348,0,0
2023-12-15,163045.73,5558.4,1374,10,0
2023-12-16,206506.05,5995.53,1870,15,0
2023-12-17,184050.92,5935.32,1803,5,0
2023-12-18,125696.5,6556.07,1638,0,0
2023-12-19,107954.29,4875.09,1073,10,0
2023-12-20,94030.72,3476.42,823,0,0
2023-12-21,125159.21,6292.95,1460,5,0
2023-12-22,125179.4,2863.53,1004,0,0
2023-12-23,190743.05,8299.42,1872,0,0
2023-12-24,179906.94,5753.63,1608,15,0
2023-12-25,178975.78,9249.32,1751,25,1
2023-12-26,106420.04,5234.97,1301,0,0
2023-12-27,109304.39,4399.43,1043,5,0
2023-12-28,103705.58,3088.63,1118,0,0
2023-12-29,159942.66,7565.42,1619,0,0
2023-12-30,172012.69,5937.48,1540,0,0
2023-12-31,186090.4,7853.54,1932,0,0
2024-01-01,107233.64,12172.43,1975,10,1
2024-01-02,74831.1,7039.17,1422,0,0
2024-01-03,59334.23,3533.87,1109,5,0
2024-01-04,66182.47,4542.43,1091,5,0
2024-01-05,74088.79,4057.51,995,0,0
2024-01-06,120883.04,8989.74,2062,0,0
2024-01-07,91662.27,4298.95,1287,10,0
2024-01-08,64030.47,5280.18,1189,10,0
2024-01-09,57107.86,2350.73,847,10,0
2024-01-10,57407.0,6055.05,1177,0,0
2024-01-11,66744.42,6154.62,1362,0,0
2024-01-12,113554.69,10406.41,1788,10,0
2024-01-13,128344.81,10311.2,2237,10,0
2024-01-14,115327.13,5685.91,1500,15,0
2024-01-15,63395.98,2405.68,838,10,0
2024-01-16,68529.67,3626.88,1170,5,0
2024-01-17,59741.95,3946.0,1171,5,0
2024-01-18,74600.86,5971.04,1450,5,0
2024-01-19,81296.07,3305.2,1041,10,0
2024-01-20,119606.87,8133.66,1901,5,0
2024-01-21,88490.07,3612.08,1450,0,0
2024-01-22,67581.42,3805.12,1055,10,0
2024-01-23,61483.74,2718.97,995,0,0
2024-01-24,76480.91,7052.2,1631,0,0
2024-01-25,78318.76,6727.41,1431,5,0
2024-01-26,151105.23,16864.26,2538,15,1
2024-01-27,97692.44,5999.64,1527,0,0
2024-01-28,94598.05,5366.4,1443,15,0
2024-01-29,73399.89,7240.02,1504,5,0
2024-01-30,74474.75,7108.55,1459,5,0
2024-01-31,74388.14,6045.82,1467,5,0
2024-02-01,74466.97,6740.18,1368,10,0
2024-02-02,72712.56,2992.31,924,5,0
2024-02-03,115825.57,7613.55,1903,0,0
2024-02-04,127981.32,10040.92,2252,5,0
2024-02-05,79452.32,7389.57,1445,5,0
2024-02-06,63153.63,4391.98,1097,10,0
2024-02-07,58617.07,2154.87,899,5,0
2024-02-08,61701.04,3870.9,833,5,0
2024-02-09,109193.96,9952.17,1661,5,0
2024-02-10,111802.79,7541.31,1823,5,0
2024-02-11,125669.29,11156.88,2437,0,0
2024-02-12,69250.34,4582.02,1093,5,0
2024-02-13,74013.58,5708.31,1183,10,0
2024-02-14,64484.97,5691.32,1358,5,0
2024-02-15,81496.0,7088.1,1520,10,0
2024-02-16,100493.48,5775.58,1137,10,0
2024-02-17,102391.55,6051.46,1633,5,0
2024-02-18,101957.77,4982.43,1442,10,0
2024-02-19,71602.83,5713.69,1360,10,0
2024-02-20,76328.28,7855.24,1463,5,0
2024-02-21,71281.13,5876.54,1165,10,0
2024-02-22,63030.54,4929.45,1156,5,0
2024-02-23,108109.74,8274.37,1628,10,0
2024-02-24,108939.12,6659.35,1776,0,0
2024-02-25,92582.06,3658.06,1345,5,0
2024-02-26,62558.19,4625.62,1209,0,0
2024-02-27,63122.25,3518.35,1069,0,0
2024-02-28,59936.49,4318.09,997,0,0
2024-02-29,57744.85,2399.91,792,5,0
2024-03-01,106742.65,7102.66,1434,0,0
2024-03-02,155739.44,9068.14,2218,10,0
2024-03-03,98935.56,2901.71,1050,10,0
2024-03-04,84847.99,7824.5,1452,10,0
2024-03-05,86657.43,5961.82,1252,5,0
2024-03-06,88874.78,7393.4,1432,0,0
2024-03-07,75438.81,4291.64,1089,5,0
2024-03-08,128544.09,9306.92,1753,0,0
2024-03-09,118394.93,5506.61,1567,5,0
2024-03-10,147207.49,7855.81,2080,15,0
2024-03-11,76009.96,5699.0,1302,0,0
2024-03-12,62691.48,4233.0,968,0,0
2024-03-13,71433.21,2982.1,983,5,0
2024-03-14,76666.01,3184.82,1006,5,0
2024-03-15,183618.58,15192.4,2482,25,1
2024-03-16,150057.43,10518.98,2411,0,0
2024-03-17,165187.66,11018.54,2440,10,0
2024-03-18,78222.2,5936.97,1326,5,0
2024-03-19,75111.57,3615.99,1172,0,0
2024-03-20,74747.29,2790.37,999,5,0
2024-03-21,65205.97,2904.06,870,10,0
2024-03-22,111219.97,7758.92,1379,5,0
2024-03-23,106652.47,4073.18,1376,0,0
2024-03-24,144119.44,9193.42,2115,15,0
2024-03-25,89965.08,6870.51,1467,5,0
2024-03-26,70173.05,2595.07,1014,5,0
2024-03-27,79158.38,3865.57,1124,5,0
2024-03-28,71403.77,3128.15,1071,5,0
2024-03-29,112816.27,7202.94,1482,5,0
2024-03-30,142482.76,9064.16,1963,10,0
2024-03-31,131589.77,9872.55,2253,5,0
2024-04-01,77512.25,4209.86,1243,5,0
2024-04-02,71941.15,2826.94,907,10,0
2024-04-03,81017.41,2557.94,862,5,0
2024-04-04,80721.7,2389.12,1010,5,0
2024-04-05,94098.56,3243.55,1190,5,0
2024-04-06,126879.65,5066.49,1508,5,0
2024-04-07,116322.51,4051.6,1463,5,0
2024-04-08,95074.59,6246.09,1356,10,0
2024-04-09,59289.02,2884.72,888,0,0
2024-04-10,85152.4,4228.53,1169,10,0
2024-04-11,82444.81,3040.88,959,5,0
2024-04-12,109054.01,8561.65,1651,0,0
2024-04-13,122585.61,5609.89,1537,0,0
2024-04-14,148319.14,10608.78,2300,0,0
2024-04-15,83989.02,7051.6,1487,0,0
2024-04-16,95684.6,7624.12,1587,0,0
2024-04-17,85466.16,7456.34,1472,5,0
2024-04-18,83133.11,5941.73,1304,5,0
2024-04-19,95707.48,5116.05,1284,0,0
2024-04-20,123434.6,5084.38,1481,0,0
2024-04-21,120210.51,5052.37,1525,10,0
2024-04-22,67433.39,2375.92,691,0,0
2024-04-23,88260.88,6394.69,1282,10,0
2024-04-24,62009.43,2313.55,752,0,0
2024-04-25,78937.21,4966.89,1129,0,0
2024-04-26,107171.19,6697.03,1410,0,0
2024-04-27,113897.31,4337.33,1317,5,0
2024-04-28,129848.05,7514.27,1775,5,0
2024-04-29,78053.99,4423.87,1245,0,0
2024-04-30,74728.13,5261.23,1224,0,0
2024-05-01,68531.52,4571.78,1180,0,0
2024-05-02,75654.96,6014.13,1132,10,0
2024-05-03,113826.29,9093.98,1766,5,0
2024-05-04,110792.19,5790.18,1405,0,0
2024-05-05,104819.52,4183.53,1492,5,0
2024-05-06,62064.26,2107.67,881,5,0
2024-05-07,74891.9,7223.47,1443,0,0
2024-05-08,93822.39,6504.38,1526,5,0
2024-05-09,100201.64,7455.32,1480,5,0
2024-05-10,104749.23,6594.25,1326,10,0
2024-05-11,153163.26,10901.6,2396,15,0
2024-05-12,125505.49,5796.04,1537,15,0
2024-05-13,80807.69,6787.48,1475,0,0
2024-05-14,72930.0,2947.73,1032,5,0
2024-05-15,80415.12,4178.6,1304,10,0
2024-05-16,85582.68,6395.81,1323,5,0
2024-05-17,123844.15,10212.3,1827,0,0
2024-05-18,122750.79,6309.19,1590,5,0
2024-05-19,142272.62,11030.17,2317,0,0
2024-05-20,78568.54,5358.53,1386,0,0
2024-05-21,70022.06,3258.52,1014,5,0
2024-05-22,91169.48,7149.06,1471,5,0
2024-05-23,83059.27,6557.49,1280,0,0
2024-05-24,126887.21,9681.74,1767,10,0
2024-05-25,110119.25,3748.72,1336,10,0
2024-05-26,94343.0,3992.56,1282,5,0
2024-05-27,71781.97,5682.66,1437,0,0
2024-05-28,85117.15,7048.69,1478,5,0
2024-05-29,66635.5,2186.69,823,5,0
2024-05-30,82955.55,6117.96,1301,5,0
2024-05-31,114533.61,8630.86,1480,10,0
2024-06-01,100008.41,3078.79,1313,5,0
2024-06-02,149373.52,10390.31,2376,15,0
2024-06-03,80116.63,5989.91,1351,5,0
2024-06-04,59655.99,2001.13,809,5,0
2024-06-05,69253.84,4289.67,1095,5,0
2024-06-06,73857.18,4535.29,1126,0,0
2024-06-07,95543.85,5254.63,1246,0,0
2024-06-08,142097.89,9851.47,2231,0,0
2024-06-09,119541.37,5359.91,1500,10,0
2024-06-10,74002.78,4699.05,1133,5,0
2024-06-11,63810.18,2579.21,758,5,0
2024-06-12,61222.95,2445.45,953,0,0
2024-06-13,72568.66,2288.86,950,0,0
2024-06-14,133193.64,11107.84,1977,0,0
2024-06-15,110883.11,5196.44,1366,5,0
2024-06-16,146906.14,9987.85,2173,15,0
2024-06-17,69528.13,3321.35,1136,0,0
2024-06-18,87176.32,7457.76,1572,0,0
2024-06-19,66429.65,2150.85,816,5,0
2024-06-20,71729.47,4786.6,1143,5,0
2024-06-21,112184.22,6524.39,1511,5,0
2024-06-22,159140.44,9425.94,2303,15,0
2024-06-23,92097.64,3675.49,1275,5,0
2024-06-24,60593.66,3576.05,1012,0,0
2024-06-25,74461.48,5037.6,1154,0,0
2024-06-26,63601.82,2017.53,850,5,0
2024-06-27,59182.44,2840.14,923,5,0
2024-06-28,108328.0,6558.73,1585,10,0
2024-06-29,98481.85,2846.25,1285,0,0
2024-06-30,103736.57,4635.48,1393,0,0
2024-07-01,78592.83,4382.09,1142,10,0
2024-07-02,81999.77,4071.34,1174,10,0
2024-07-03,85770.98,6052.52,1321,10,0
2024-07-04,72078.71,4367.46,979,10,0
2024-07-05,125961.38,8797.87,1529,10,0
2024-07-06,146997.64,8834.81,2156,0,0
2024-07-07,135109.71,7871.88,1858,5,0
2024-07-08,88913.08,6802.13,1362,5,0
2024-07-09,86102.49,5297.5,1219,5,0
2024-07-10,76997.24,4128.63,1108,0,0
2024-07-11,86349.65,5878.7,1324,0,0
2024-07-12,96102.3,3966.52,1112,10,0
2024-07-13,162199.37,10380.61,2312,15,0
2024-07-14,159959.64,9688.11,2233,10,0
2024-07-15,83704.21,4916.0,1146,10,0
2024-07-16,78988.18,6848.14,1407,0,0
2024-07-17,70764.98,2404.31,972,5,0
2024-07-18,76438.85,6037.8,1249,0,0
2024-07-19,108874.05,7758.4,1486,5,0
2024-07-20,166407.0,10003.52,2236,15,0
2024-07-21,156763.85,10273.08,2282,15,0
2024-07-22,72588.29,4247.32,1089,5,0
2024-07-23,58161.45,2268.67,890,0,0
2024-07-24,83112.1,5821.41,1253,5,0
2024-07-25,82483.86,3867.3,1141,0,0
2024-07-26,138371.74,9870.48,1905,5,0
2024-07-27,114958.84,4205.82,1382,0,0
2024-07-28,119910.16,6027.34,1543,5,0
2024-07-29,68635.34,3879.24,1062,0,0
2024-07-30,90752.28,7400.5,1543,5,0
2024-07-31,92891.3,7969.15,1487,5,0
2024-08-01,84032.94,7766.81,1408,5,0
2024-08-02,132737.04,11032.92,2134,10,0
2024-08-03,154660.04,9199.98,2107,5,0
2024-08-04,143773.97,9745.25,2125,0,0
2024-08-05,78449.85,4054.69,928,5,0
2024-08-06,88467.27,5497.91,1217,10,0
2024-08-07,95138.45,7963.09,1578,0,0
2024-08-08,89844.86,6755.13,1548,5,0
2024-08-09,129417.39,9961.49,1837,5,0
2024-08-10,174856.62,10439.42,2342,15,0
2024-08-11,110251.68,3119.05,1250,0,0
2024-08-12,88059.36,6765.26,1461,5,0
2024-08-13,96133.41,7817.65,1539,5,0
2024-08-14,83381.69,4900.44,1208,0,0
2024-08-15,128333.81,8907.32,1882,20,1
2024-08-16,114244.35,6046.94,1154,0,0
2024-08-17,160399.91,8896.02,2072,15,0
2024-08-18,151176.83,9751.16,2253,0,0
2024-08-19,76242.52,4858.9,1101,5,0
2024-08-20,81583.13,4689.91,1349,0,0
2024-08-21,84046.11,4861.06,1273,0,0
2024-08-22,62380.98,2806.61,859,0,0
2024-08-23,113472.13,5600.62,1289,5,0
2024-08-24,171658.9,11181.7,2522,10,0
2024-08-25,98630.67,2819.47,1160,0,0
2024-08-26,88612.69,6442.86,1406,10,0
2024-08-27,90629.97,6931.56,1446,5,0
2024-08-28,80647.24,5681.62,1279,5,0
2024-08-29,76894.26,4442.64,1117,5,0
2024-08-30,127893.58,8109.55,1711,10,0
2024-08-31,165469.67,10822.97,2183,15,0
2024-09-01,112171.11,3748.63,1263,5,0
2024-09-02,67558.14,2301.36,863,5,0
2024-09-03,85245.34,7180.4,1334,5,0
2024-09-04,70130.72,2132.16,947,0,0
2024-09-05,89714.74,5842.86,1305,10,0
2024-09-06,106766.04,6295.42,1299,0,0
2024-09-07,148402.57,7721.26,1842,15,0
2024-09-08,123512.16,7220.74,1676,0,0
2024-09-09,106286.3,6823.75,1503,10,0
2024-09-10,95272.34,7500.75,1444,0,0
2024-09-11,73083.19,2802.97,894,5,0
2024-09-12,81837.19,4414.68,1186,0,0
2024-09-13,95323.94,3326.59,1065,10,0
2024-09-14,155568.57,10619.45,2325,0,0
2024-09-15,152239.9,9878.78,2333,10,0
2024-09-16,84998.12,7657.9,1368,5,0
2024-09-17,84906.1,6050.84,1385,0,0
2024-09-18,90993.7,6223.14,1424,0,0
2024-09-19,70650.4,3670.64,1071,0,0
2024-09-20,103288.44,5303.64,1252,5,0
2024-09-21,163218.82,11195.52,2428,10,0
2024-09-22,117354.58,7003.37,1655,5,0
2024-09-23,89528.79,5806.54,1273,10,0
2024-09-24,88699.91,6933.08,1400,0,0
2024-09-25,98252.5,7218.58,1533,5,0
2024-09-26,88115.93,6066.88,1203,5,0
2024-09-27,122546.28,9004.22,1766,10,0
2024-09-28,143504.22,8530.43,2276,0,0
2024-09-29,118027.84,5214.24,1477,5,0
2024-09-30,85340.46,6692.09,1328,0,0
2024-10-01,60263.33,2088.16,728,0,0
2024-10-02,92648.86,4943.18,1175,20,1
2024-10-03,82796.38,3981.46,1057,10,0
2024-10-04,110279.11,6698.4,1405,0,0
2024-10-05,139629.46,5419.66,1633,15,0
2024-10-06,117457.1,3904.75,1358,5,0
2024-10-07,92465.86,6620.95,1375,10,0
2024-10-08,77644.83,4050.82,1018,0,0
2024-10-09,79684.31,4230.44,1120,5,0
2024-10-10,69091.73,2141.57,870,0,0
2024-10-11,101637.91,5245.61,1191,5,0
2024-10-12,146967.48,8765.14,2078,0,0
2024-10-13,142463.19,9078.53,2041,5,0
2024-10-14,87459.7,7941.25,1567,5,0
2024-10-15,79035.68,5266.89,1131,5,0
2024-10-16,82586.64,5718.41,1195,10,0
2024-10-17,95388.66,6866.74,1320,5,0
2024-10-18,113686.36,8199.68,1683,0,0
2024-10-19,153556.82,10277.19,2258,0,0
2024-10-20,158373.47,10617.1,2185,15,0
2024-10-21,79249.49,2805.65,939,10,0
2024-10-22,92474.18,7694.43,1531,0,0
2024-10-23,77531.66,5281.16,1220,5,0
2024-10-24,103749.27,5390.1,1132,20,1
2024-10-25,119442.38,8464.53,1425,5,0
2024-10-26,167678.66,10869.27,2385,10,0
2024-10-27,129372.11,6655.29,1665,0,0
2024-10-28,97469.34,7760.81,1565,10,0
2024-10-29,91967.7,7125.33,1396,0,0
2024-10-30,84224.77,4749.41,1214,5,0
2024-10-31,71729.76,2072.62,748,5,0
2024-11-01,195032.59,7729.67,1638,15,1
2024-11-02,254113.81,11521.97,2476,10,1
2024-11-03,207455.01,5046.69,1856,20,1
2024-11-04,107286.82,4230.34,1221,5,0
2024-11-05,87981.09,2346.22,745,0,0
2024-11-06,114737.69,6725.29,1439,5,0
2024-11-07,106697.96,4493.62,1074,0,0
2024-11-08,141789.7,4271.86,1080,10,0
2024-11-09,183517.13,6423.6,1762,0,0
2024-11-10,191852.63,7140.27,1740,15,0
2024-11-11,105576.82,4580.62,1263,0,0
2024-11-12,118848.08,7333.32,1366,0,0
2024-11-13,100569.78,3774.17,1018,0,0
2024-11-14,102849.04,4186.13,1156,0,0
2024-11-15,156077.95,6239.06,1383,10,0
2024-11-16,216539.01,8904.69,2020,15,0
2024-11-17,169520.72,4073.4,1371,15,0
2024-11-18,111627.29,3740.18,1035,10,0
2024-11-19,115460.61,6593.28,1337,0,0
2024-11-20,103092.25,3203.36,1064,5,0
2024-11-21,119281.75,7801.07,1590,0,0
2024-11-22,171695.54,9926.77,1653,10,0
2024-11-23,201478.41,8786.02,2021,5,0
2024-11-24,165542.23,5630.5,1665,5,0
2024-11-25,110803.91,5543.83,1217,0,0
2024-11-26,113126.38,6255.92,1389,0,0
2024-11-27,110057.4,3613.08,1007,0,0
2024-11-28,116799.35,5609.32,1357,10,0
2024-11-29,163125.84,7504.77,1557,5,0
2024-11-30,189542.56,5901.96,1742,10,0
2024-12-01,217388.28,9549.55,2140,5,0
2024-12-02,125143.45,6842.43,1376,5,0
2024-12-03,141644.96,7871.15,1579,5,0
2024-12-04,115652.03,6026.33,1453,0,0
2024-12-05,114649.32,4283.11,1150,5,0
2024-12-06,159972.8,6028.58,1318,5,0
2024-12-07,204495.5,7495.44,2062,0,0
2024-12-08,230018.76,10923.1,2388,10,0
2024-12-09,114942.69,4893.59,1220,0,0
2024-12-10,101570.62,2943.64,863,5,0
2024-12-11,118008.52,5009.09,1184,5,0
2024-12-12,133412.12,7104.08,1454,5,0
2024-12-13,178855.04,8461.77,1620,10,0
2024-12-14,175725.89,5376.92,1681,0,0
2024-12-15,203540.75,6416.54,1738,15,0
2024-12-16,121863.81,6702.56,1361,5,0
2024-12-17,127017.3,6065.25,1341,5,0
2024-12-18,126665.17,6028.87,1228,5,0
2024-12-19,126456.54,6711.61,1439,0,0
2024-12-20,186507.88,11035.1,1926,0,0
2024-12-21,163827.49,3666.22,1338,0,0
2024-12-22,221452.29,8998.23,2035,10,0
2024-12-23,114240.13,5118.23,1228,0,0
2024-12-24,109435.98,4898.24,1114,0,0
2024-12-25,185157.54,11049.61,1948,20,1
2024-12-26,106381.3,2453.5,887,5,0
2024-12-27,186533.38,7831.97,1659,10,0
2024-12-28,182611.56,2926.93,1307,15,0
2024-12-29,193764.98,7701.88,1740,5,0
2024-12-30,136365.97,7196.57,1507,5,0
2024-12-31,138368.34,6633.81,1280,10,0
2025-01-01,94400.66,8008.04,1564,10,1
2025-01-02,76609.15,5251.94,1290,0,0
2025-01-03,101203.06,6983.54,1371,5,0
2025-01-04,135740.56,9086.43,2098,10,0
2025-01-05,127374.27,9664.92,1917,10,0
2025-01-06,77811.09,5536.72,1389,0,0
2025-01-07,73198.08,6205.21,1391,10,0
2025-01-08,77261.91,7264.82,1409,10,0
2025-01-09,62449.47,2462.87,875,0,0
2025-01-10,109378.94,8954.96,1803,0,0
2025-01-11,115109.45,5926.48,1715,10,0
2025-01-12,130665.94,9713.06,2213,5,0
2025-01-13,67305.44,4384.69,992,5,0
2025-01-14,65858.4,5128.69,1200,0,0
2025-01-15,69016.51,3237.3,940,5,0
2025-01-16,71848.0,4210.69,1129,5,0
2025-01-17,96894.4,6616.5,1286,5,0
2025-01-18,142877.94,9802.6,2546,10,0
2025-01-19,119937.29,10664.76,2301,0,0
2025-01-20,70208.43,3206.59,851,5,0
2025-01-21,74232.37,4946.57,1154,0,0
2025-01-22,71253.57,4452.66,1253,5,0
2025-01-23,75357.96,5985.32,1329,5,0
2025-01-24,95692.33,6548.09,1377,0,0
2025-01-25,117634.93,7298.65,1708,15,0
2025-01-26,200307.27,18234.25,3435,20,1
2025-01-27,70476.31,7716.89,1434,0,0
2025-01-28,63131.35,3628.99,976,10,0
2025-01-29,79972.12,4356.38,1136,0,0
2025-01-30,81801.89,7152.9,1532,5,0
2025-01-31,86298.31,6281.93,1168,5,0
2025-02-01,113238.0,4728.62,1470,5,0
2025-02-02,111895.83,7347.5,1752,15,0
2025-02-03,72773.9,7345.13,1424,5,0
2025-02-04,71050.56,5492.86,1238,5,0
2025-02-05,63049.27,3472.11,1004,5,0
2025-02-06,75296.54,4014.04,1117,5,0
2025-02-07,88944.42,7477.78,1370,5,0
2025-02-08,123110.29,8503.42,2173,0,0
2025-02-09,114137.9,7000.95,1901,5,0
2025-02-10,65363.69,2132.85,866,10,0
2025-02-11,57876.35,2703.22,852,0,0
2025-02-12,69927.3,5073.71,1232,5,0
2025-02-13,60642.29,3225.9,772,0,0
2025-02-14,106248.82,7935.23,1585,5,0
2025-02-15,135293.93,7509.7,2022,15,0
2025-02-16,143781.07,10205.13,2371,15,0
2025-02-17,80197.05,7016.71,1470,5,0
2025-02-18,58291.15,2764.32,953,10,0
2025-02-19,60999.03,3100.65,908,0,0
2025-02-20,77832.93,6821.23,1415,5,0
2025-02-21,89304.19,4326.48,1172,5,0
2025-02-22,117790.98,8245.87,1966,0,0
2025-02-23,135860.61,11109.43,2408,10,0
2025-02-24,66708.13,4103.12,1042,5,0
2025-02-25,77410.32,4785.43,1246,5,0
2025-02-26,77199.29,7575.73,1597,0,0
2025-02-27,66453.38,4239.45,1047,0,0
2025-02-28,96141.76,7680.53,1636,10,0
2025-03-01,141126.59,5741.71,1723,10,0
2025-03-02,152913.04,8437.72,2155,10,0
2025-03-03,76206.55,5974.9,1225,0,0
2025-03-04,98244.49,7449.37,1537,0,0
2025-03-05,98096.84,7334.77,1629,0,0
2025-03-06,78645.29,3841.43,1192,5,0
2025-03-07,104873.97,4357.13,1205,5,0
2025-03-08,159312.73,8884.49,2120,5,0
2025-03-09,144664.48,8647.71,2162,5,0
2025-03-10,84678.87,7750.99,1654,0,0
2025-03-11,78096.26,3584.37,1043,0,0
2025-03-12,93427.19,5172.35,1208,10,0
2025-03-13,91136.75,5928.25,1360,5,0
2025-03-14,124268.18,9298.77,1664,0,0
2025-03-15,199781.26,12055.53,2501,25,1
2025-03-16,119397.95,4844.53,1422,5,0
2025-03-17,90804.48,6702.63,1295,10,0
2025-03-18,82978.88,4618.52,1100,5,0
2025-03-19,92885.65,6876.28,1621,10,0
2025-03-20,84337.67,3908.63,1045,5,0
2025-03-21,129098.89,8296.47,1645,5,0
2025-03-22,124212.46,3127.08,1257,10,0
2025-03-23,149885.8,10682.68,2176,10,0
2025-03-24,86438.89,5485.7,1399,5,0
2025-03-25,88547.31,5473.04,1341,5,0
2025-03-26,85820.62,7574.84,1538,5,0
2025-03-27,66974.78,4815.71,1153,0,0
2025-03-28,117142.0,6673.8,1401,5,0
2025-03-29,166489.84,9795.79,2312,15,0
2025-03-30,147236.97,10710.21,2356,0,0
2025-03-31,91661.85,5865.54,1432,5,0
2025-04-01,87542.93,4482.96,1032,0,0
2025-04-02,79345.3,2114.87,895,5,0
2025-04-03,83775.88,4721.47,1319,5,0
2025-04-04,121223.05,8167.87,1674,0,0
2025-04-05,182070.62,10538.98,2506,15,0
2025-04-06,138916.15,7790.3,1880,5,0
2025-04-07,76745.66,2507.39,975,5,0
2025-04-08,71650.62,3267.39,1042,0,0
2025-04-09,100317.08,7983.43,1581,10,0
2025-04-10,72204.47,2374.36,843,5,0
2025-04-11,121864.67,9662.58,1743,0,0
2025-04-12,129003.04,6296.23,1683,5,0
2025-04-13,124192.36,5055.92,1337,15,0
2025-04-14,78294.6,3243.64,888,5,0
2025-04-15,87702.85,6959.71,1321,10,0
2025-04-16,69176.03,2375.39,932,0,0
2025-04-17,76856.33,4055.87,1084,5,0
2025-04-18,115589.41,7532.63,1475,0,0
2025-04-19,144718.89,7046.27,1841,15,0
2025-04-20,125613.82,4263.64,1372,10,0
2025-04-21,70796.69,3838.78,965,10,0
2025-04-22,78281.12,4082.37,1107,0,0
2025-04-23,88312.41,7173.22,1492,10,0
2025-04-24,100003.71,7936.71,1530,5,0
2025-04-25,118758.57,7191.19,1631,5,0
2025-04-26,146725.45,6858.72,1736,10,0
2025-04-27,151768.95,9517.63,2213,10,0
2025-04-28,86410.26,6574.68,1369,0,0
2025-04-29,95138.15,6907.14,1567,5,0
2025-04-30,82745.12,4937.75,1093,0,0
2025-05-01,83407.28,6449.62,1320,5,0
2025-05-02,98375.8,4188.54,1100,0,0
2025-05-03,169282.35,10386.8,2445,10,0
2025-05-04,129910.0,7598.59,1853,10,0
2025-05-05,93621.92,7633.37,1491,5,0
2025-05-06,87172.29,7070.73,1405,0,0
2025-05-07,62212.86,2151.42,869,5,0
2025-05-08,76822.87,3498.01,1043,5,0
2025-05-09,96626.1,5962.85,1254,0,0
2025-05-10,121133.61,5750.24,1608,5,0
2025-05-11,156894.45,10767.42,2378,10,0
2025-05-12,75595.19,3428.88,1005,0,0
2025-05-13,92038.82,6635.1,1465,0,0
2025-05-14,79308.67,5077.53,1238,0,0
2025-05-15,82325.32,4387.19,1095,10,0
2025-05-16,119500.23,9208.3,1715,5,0
2025-05-17,147084.9,7967.08,1946,10,0
2025-05-18,105970.09,3836.57,1182,0,0
2025-05-19,80161.39,4629.07,1132,5,0
2025-05-20,80665.41,6522.4,1330,5,0
2025-05-21,82199.99,6347.59,1381,5,0
2025-05-22,72523.56,3040.98,1062,5,0
2025-05-23,115686.64,9106.47,1718,0,0
2025-05-24,144572.35,8490.1,2097,5,0
2025-05-25,124075.64,5873.44,1742,10,0
2025-05-26,83748.73,5148.41,1160,5,0
2025-05-27,69834.44,3755.1,951,5,0
2025-05-28,90995.65,5822.57,1434,5,0
2025-05-29,91999.55,7088.66,1379,5,0
2025-05-30,101554.02,5654.07,1433,0,0
2025-05-31,143738.27,8732.47,1950,15,0
2025-06-01,127731.89,5430.57,1566,15,0
2025-06-02,73505.44,3114.4,1024,5,0
2025-06-03,72500.1,2989.31,1022,10,0
2025-06-04,74680.25,4680.29,1029,0,0
2025-06-05,92386.13,7428.6,1386,5,0
2025-06-06,127649.12,10396.62,1892,0,0
2025-06-07,104387.18,2857.77,1241,5,0
2025-06-08,150263.39,8823.81,2035,15,0
2025-06-09,84037.36,7455.05,1585,0,0
2025-06-10,82899.48,4640.35,1168,10,0
2025-06-11,90138.27,4579.75,1167,10,0
2025-06-12,71630.03,4956.92,1257,0,0
2025-06-13,89335.96,4181.01,1111,0,0
2025-06-14,112839.38,3180.09,1135,10,0
2025-06-15,134616.15,7559.48,1956,5,0
2025-06-16,77371.85,5363.48,1308,0,0
2025-06-17,83851.54,5461.14,1173,10,0
2025-06-18,79552.81,5510.47,1287,0,0
2025-06-19,85682.53,6433.2,1377,5,0
2025-06-20,105430.7,4673.72,1184,10,0
2025-06-21,126072.96,4868.45,1616,10,0
2025-06-22,147615.26,10945.68,2200,10,0
2025-06-23,72919.75,2694.21,925,10,0
2025-06-24,74526.19,5683.82,1320,0,0
2025-06-25,97262.71,6941.31,1425,10,0
2025-06-26,84410.36,6763.58,1316,0,0
2025-06-27,112803.74,5810.01,1307,10,0
2025-06-28,146573.92,7642.37,1971,10,0
2025-06-29,117428.34,5347.6,1570,0,0
2025-06-30,85104.25,5610.09,1259,5,0
2025-07-01,94313.71,5938.46,1317,10,0
2025-07-02,71551.37,3343.9,1007,5,0
2025-07-03,81777.02,2264.24,954,5,0
2025-07-04,123330.0,7425.57,1583,10,0
2025-07-05,139777.47,6480.68,1881,5,0
2025-07-06,148375.0,8476.91,1965,10,0
2025-07-07,79928.79,3728.03,1010,5,0
2025-07-08,82904.63,4515.1,1020,5,0
2025-07-09,78690.7,3574.06,1100,5,0
2025-07-10,103976.24,7498.52,1609,5,0
2025-07-11,102592.24,3567.54,1010,10,0
2025-07-12,137242.01,6399.05,1786,0,0
2025-07-13,137671.32,8327.66,1958,0,0
2025-07-14,91466.32,7490.36,1551,0,0
2025-07-15,78885.75,5084.57,1263,5,0
2025-07-16,91499.9,5356.43,1285,5,0
2025-07-17,77332.23,3946.07,1015,5,0
2025-07-18,136419.23,10752.75,1998,5,0
2025-07-19,132061.13,6616.99,1723,5,0
2025-07-20,119520.47,3811.26,1191,10,0
2025-07-21,78080.63,4981.37,1212,0,0
2025-07-22,96198.19,6783.27,1489,0,0
2025-07-23,66835.53,2314.35,840,0,0
2025-07-24,78238.74,3402.88,1047,5,0
2025-07-25,97076.61,3101.81,959,5,0
2025-07-26,123784.79,3040.68,1187,15,0
2025-07-27,131402.78,5435.13,1647,15,0
2025-07-28,85275.08,4386.11,1129,5,0
2025-07-29,90576.13,5212.21,1350,5,0
2025-07-30,89640.14,4556.73,1181,10,0
2025-07-31,76830.22,3905.33,1038,0,0
2025-08-01,93981.7,3601.03,873,5,0
2025-08-02,126285.53,5213.54,1438,10,0
2025-08-03,108145.69,3230.87,943,10,0
2025-08-04,97383.08,4906.35,1228,10,0
2025-08-05,91615.26,5431.98,1300,5,0
2025-08-06,88594.89,5284.49,1167,0,0
2025-08-07,83779.06,4450.73,1102,5,0
2025-08-08,120325.7,7712.64,1611,5,0
2025-08-09,157404.62,8188.64,2030,15,0
2025-08-10,133797.45,5420.06,1648,10,0
2025-08-11,94540.13,6956.39,1513,0,0
2025-08-12,81822.98,2271.77,910,0,0
2025-08-13,61601.65,2209.64,884,5,0
2025-08-14,100425.38,7863.68,1592,0,0
2025-08-15,177429.43,12707.09,2095,15,1
2025-08-16,139307.17,6390.89,1778,15,0
2025-08-17,149990.92,8216.83,1976,15,0
2025-08-18,94196.25,6939.64,1550,0,0
2025-08-19,78807.3,5141.6,1201,5,0
2025-08-20,90666.48,7951.78,1478,0,0
2025-08-21,104732.35,6748.78,1432,5,0
2025-08-22,101222.7,3858.02,1026,0,0
2025-08-23,167357.04,10272.44,2190,15,0
2025-08-24,118898.13,4700.69,1350,0,0
2025-08-25,94702.83,5966.84,1215,10,0
2025-08-26,90122.67,5635.98,1208,0,0
2025-08-27,82942.15,5564.85,1187,0,0
2025-08-28,72523.17,2082.09,835,5,0
2025-08-29,123191.29,6854.79,1477,5,0
2025-08-30,120911.08,4267.04,1490,5,0
2025-08-31,145796.72,6142.23,1708,15,0
2025-09-01,89631.17,5383.52,1184,10,0
2025-09-02,88370.63,5605.47,1322,5,0
2025-09-03,84966.74,2904.12,1018,10,0
2025-09-04,101561.61,7401.58,1539,5,0
2025-09-05,126174.71,7961.68,1432,10,0
2025-09-06,134432.45,5084.42,1577,15,0
2025-09-07,123519.81,3873.31,1273,15,0
2025-09-08,91548.45,3941.18,1126,5,0
2025-09-09,85095.96,7545.53,1498,10,0
2025-09-10,75692.04,2620.6,1037,5,0
2025-09-11,76541.41,3792.7,1101,10,0
2025-09-12,147256.86,10844.11,1949,0,0
2025-09-13,124132.4,6025.96,1598,0,0
2025-09-14,124004.07,5445.31,1562,0,0
2025-09-15,74775.52,2525.9,746,10,0
2025-09-16,82581.55,3834.46,1194,10,0
2025-09-17,92451.58,6167.92,1448,10,0
2025-09-18,91520.77,5470.96,1344,0,0
2025-09-19,134224.18,9554.4,1755,10,0
2025-09-20,103241.71,3015.79,1156,0,0
2025-09-21,155336.3,9490.67,2098,15,0
2025-09-22,93184.22,7780.88,1529,5,0
2025-09-23,87279.08,3667.07,1093,5,0
2025-09-24,84537.52,5513.53,1137,0,0
2025-09-25,84882.92,3773.99,1056,5,0
2025-09-26,116239.42,8590.21,1563,0,0
2025-09-27,133857.42,4092.92,1367,15,0
2025-09-28,141987.92,8933.86,2230,0,0
2025-09-29,103312.74,7979.39,1638,5,0
2025-09-30,78814.92,4151.73,1068,0,0
2025-10-01,93311.44,6999.23,1490,0,0
2025-10-02,117554.0,8052.62,1583,20,1
2025-10-03,113754.82,5703.25,1273,0,0
2025-10-04,135158.12,7049.83,1852,0,0
2025-10-05,116759.41,3693.23,1290,0,0
2025-10-06,81579.43,4488.95,1265,5,0
2025-10-07,72562.46,4381.69,943,0,0
2025-10-08,95155.36,7727.4,1521,10,0
2025-10-09,79809.88,2667.25,887,5,0
2025-10-10,111349.49,6090.64,1371,5,0
2025-10-11,158684.65,8664.87,1972,15,0
2025-10-12,139705.16,5702.04,1623,10,0
2025-10-13,90777.6,6070.35,1241,5,0
2025-10-14,81211.52,3777.95,1047,5,0
2025-10-15,91799.23,4229.28,1146,0,0
2025-10-16,84009.08,4819.49,1063,5,0
2025-10-17,129883.95,9447.84,1715,0,0
2025-10-18,136648.42,5127.38,1575,15,0
2025-10-19,142711.33,9534.15,1930,5,0
2025-10-20,109231.31,7615.62,1496,10,0
2025-10-21,99756.16,6715.55,1282,10,0
2025-10-22,71687.36,2077.44,878,10,0
2025-10-23,87426.53,4639.13,1055,0,0
2025-10-24,178912.44,14103.85,2273,10,1
2025-10-25,170059.0,10406.53,2267,10,0
2025-10-26,150894.32,9741.26,2032,0,0
2025-10-27,69115.95,2408.65,694,10,0
2025-10-28,87356.25,4484.85,1142,5,0
2025-10-29,80202.2,4490.75,1137,0,0
2025-10-30,73556.31,3109.03,984,0,0
2025-10-31,111518.12,5180.26,1234,0,0
2025-11-01,224822.08,6251.2,1565,20,1
2025-11-02,305689.36,16263.48,3245,25,1
2025-11-03,171784.6,7896.17,1313,25,1
2025-11-04,103228.57,3623.72,1025,5,0
2025-11-05,103811.34,2372.25,894,10,0
2025-11-06,132844.92,7967.49,1504,10,0
2025-11-07,133793.4,3209.04,999,10,0
2025-11-08,195939.55,6590.02,1828,15,0
2025-11-09,161140.76,5291.54,1378,0,0
2025-11-10,104990.22,2354.63,971,0,0
2025-11-11,93876.68,2855.34,1020,0,0
2025-11-12,117851.49,6034.34,1415,0,0
2025-11-13,121131.43,4492.66,1147,10,0
2025-11-14,156487.95,4790.16,1224,10,0
2025-11-15,188189.67,6790.75,1678,10,0
2025-11-16,208681.42,9887.54,2352,5,0
2025-11-17,121248.42,6983.74,1397,5,0
2025-11-18,125231.05,6438.1,1358,5,0
2025-11-19,118218.4,4005.16,1036,5,0
2025-11-20,108049.03,4232.72,1047,0,0
2025-11-21,196270.66,10840.45,1925,10,0
2025-11-22,211696.89,7996.33,1882,15,0
2025-11-23,204809.23,8473.83,1920,15,0
2025-11-24,134491.52,6381.04,1227,10,0
2025-11-25,127431.75,7949.2,1507,5,0
2025-11-26,121970.68,6204.35,1396,0,0
2025-11-27,114353.44,5453.56,1246,5,0
2025-11-28,162735.55,7590.41,1565,5,0
2025-11-29,190418.05,5780.59,1650,5,0
2025-11-30,173734.1,5576.71,1531,0,0
2025-12-01,145190.94,6410.15,1348,5,0
2025-12-02,110566.64,3568.0,1172,0,0
2025-12-03,105792.11,3096.51,906,5,0
2025-12-04,125011.08,3713.76,1096,10,0
2025-12-05,162833.63,6761.86,1430,0,0
2025-12-06,187141.9,5837.84,1588,0,0
2025-12-07,180921.67,4448.87,1510,5,0
2025-12-08,137370.3,5761.81,1326,5,0
2025-12-09,113840.02,3534.46,948,5,0
2025-12-10,129869.89,6744.15,1319,10,0
2025-12-11,127956.99,5527.95,1416,5,0
2025-12-12,141815.2,3537.42,1030,5,0
2025-12-13,227699.36,7663.41,1740,15,0
2025-12-14,228820.24,8418.56,2001,15,0
2025-12-15,137979.03,6846.31,1426,5,0
2025-12-16,146831.53,7981.7,1479,5,0
2025-12-17,114699.82,2295.33,902,10,0
2025-12-18,106461.54,2005.58,809,10,0
2025-12-19,157038.62,4808.16,1240,0,0
2025-12-20,238243.76,8516.03,2045,15,0
2025-12-21,218385.33,8223.06,1965,10,0
2025-12-22,139306.81,7317.73,1464,5,0
2025-12-23,124384.63,4361.33,1153,10,0
2025-12-24,130638.05,4569.1,1259,5,0
2025-12-25,175261.71,6971.65,1588,25,1
2025-12-26,178488.59,8142.97,1642,0,0
2025-12-27,206974.62,5909.95,1677,10,0
2025-12-28,183750.55,4002.56,1473,5,0
2025-12-29,117858.11,4035.44,1082,5,0
2025-12-30,112974.74,3491.24,1098,0,0
2025-12-31,126790.88,5275.54,1177,0,0
2026-01-01,123323.73,13806.26,2165,10,1
2026-01-02,99984.32,8422.6,1550,0,0
2026-01-03,99934.05,3334.95,1166,5,0
2026-01-04,135800.44,8363.44,2077,15,0
2026-01-05,75991.66,3736.65,1098,10,0
2026-01-06,84863.59,6230.25,1415,5,0
2026-01-07,79951.67,5749.88,1177,5,0
2026-01-08,81189.0,7756.83,1525,0,0
2026-01-09,121360.67,9692.64,1850,5,0
2026-01-10,123988.98,7653.75,1875,15,0
2026-01-11,137109.73,9761.16,2267,5,0
2026-01-12,75896.19,4413.34,1277,10,0
2026-01-13,72293.1,4177.9,1130,0,0
2026-01-14,73542.77,4446.67,1139,5,0
2026-01-15,79179.32,3398.44,1084,10,0
2026-01-16,99825.77,5305.49,1194,5,0
2026-01-17,132553.39,7371.76,1848,15,0
2026-01-18,120083.82,7231.53,1797,10,0
2026-01-19,96586.95,7279.49,1732,5,0
2026-01-20,69667.51,3499.84,1037,10,0
2026-01-21,76342.85,4807.88,1276,10,0
2026-01-22,85769.58,6921.52,1350,0,0
2026-01-23,95979.2,5125.71,1312,0,0
2026-01-24,153713.36,11164.17,2503,15,0
2026-01-25,122715.91,5961.89,1563,5,0
2026-01-26,100964.52,5972.06,1354,20,1
2026-01-27,79699.62,6517.09,1429,0,0
2026-01-28,75433.58,3391.05,924,10,0
2026-01-29,66559.32,4092.99,1205,5,0
2026-01-30,90361.31,4769.8,1195,0,0
2026-01-31,99009.6,3252.18,1362,0,0
2026-02-01,129561.85,9008.37,2196,0,0
2026-02-02,88735.53,7168.67,1443,5,0
2026-02-03,70953.6,6848.41,1473,0,0
2026-02-04,70785.71,5230.37,1250,0,0
2026-02-05,60548.15,2041.89,731,5,0
2026-02-06,79738.35,2953.51,963,5,0
2026-02-07,112169.65,6396.5,1618,10,0
2026-02-08,131577.23,10404.51,2102,5,0
2026-02-09,76371.22,7039.99,1546,0,0
2026-02-10,67314.92,3788.4,980,5,0
2026-02-11,86212.72,5809.44,1311,10,0
2026-02-12,69224.88,3031.26,1100,5,0
2026-02-13,97458.64,6496.6,1261,5,0
2026-02-14,133582.07,9263.32,2075,10,0
2026-02-15,133469.59,10178.69,2490,5,0
2026-02-16,56596.99,3005.4,963,0,0
2026-02-17,72681.33,5873.21,1317,5,0
2026-02-18,68777.05,4264.18,1071,0,0
2026-02-19,74680.42,3259.39,1063,5,0
2026-02-20,113435.4,10761.35,1923,0,0
2026-02-21,129354.55,7068.39,1766,0,0
2026-02-22,111128.53,5677.77,1483,5,0
2026-02-23,74221.42,4701.69,1297,0,0
2026-02-24,68557.83,5752.6,1190,0,0
2026-02-25,70783.24,2891.04,1045,5,0
2026-02-26,60880.64,2793.61,886,0,0
2026-02-27,107978.97,7540.92,1515,5,0
2026-02-28,126391.27,8786.39,2055,5,0
2026-03-01,120527.58,4313.33,1526,5,0
2026-03-02,77389.51,2433.66,981,0,0
2026-03-03,86848.09,5658.88,1230,10,0
2026-03-04,86187.83,5272.94,1249,10,0
2026-03-05,89214.66,7093.54,1336,0,0
2026-03-06,106042.9,5679.85,1295,0,0
2026-03-07,169394.96,9029.16,2203,15,0
2026-03-08,129143.93,3480.01,1308,15,0
2026-03-09,87338.41,7498.93,1412,0,0
2026-03-10,78122.35,2689.44,922,5,0
2026-03-11,68490.37,2327.07,878,5,0
2026-03-12,79882.88,3361.87,1027,0,0
2026-03-13,127465.87,8607.89,1691,10,0
2026-03-14,140597.66,4398.83,1420,15,0
2026-03-15,233405.26,16564.08,3180,20,1
2026-03-16,102133.31,6777.8,1449,5,0
2026-03-17,97322.09,6830.58,1393,0,0
2026-03-18,76685.88,2120.14,841,10,0
2026-03-19,94610.85,4785.22,1143,0,0
2026-03-20,101216.47,4640.66,1175,0,0
2026-03-21,163034.12,9088.31,1962,15,0
2026-03-22,146370.74,7263.4,1998,15,0
2026-03-23,95191.69,4850.6,1186,10,0
2026-03-24,101475.67,5709.74,1376,10,0
2026-03-25,84705.4,3235.88,1065,5,0
2026-03-26,96584.36,6429.01,1524,5,0
2026-03-27,120936.56,6313.65,1389,10,0
2026-03-28,166721.27,10338.14,2265,10,0
2026-03-29,148780.55,7958.72,1841,15,0
2026-03-30,96690.83,7127.28,1523,5,0
2026-03-31,75343.48,2505.59,1010,5,0
2026-04-01,89105.97,2993.0,984,5,0
2026-04-02,70587.02,3178.92,1031,0,0
2026-04-03,124917.49,8402.19,1655,0,0
2026-04-04,161282.09,10613.39,2172,0,0
2026-04-05,160123.2,9701.79,2217,10,0
2026-04-06,100954.42,5194.83,1384,10,0
2026-04-07,92827.48,6244.56,1394,0,0
2026-04-08,91879.59,6365.79,1370,0,0
2026-04-09,68480.96,3102.71,960,0,0
2026-04-10,125686.2,7860.74,1795,5,0
2026-04-11,138769.7,3945.51,1422,15,0
2026-04-12,119457.03,4360.53,1391,5,0
2026-04-13,101190.19,7136.01,1516,5,0
2026-04-14,85285.03,4082.01,924,10,0
2026-04-15,84885.8,4848.61,1229,0,0
2026-04-16,77688.63,2297.97,827,5,0
2026-04-17,109293.91,3517.39,1023,10,0
2026-04-18,118151.63,5163.35,1371,5,0
2026-04-19,113375.55,3429.13,1192,5,0
2026-04-20,93834.61,6967.86,1449,0,0
2026-04-21,79780.01,2715.26,919,10,0
2026-04-22,78628.68,3505.34,1002,5,0
2026-04-23,101163.11,4694.47,1298,10,0
2026-04-24,126683.7,10232.39,1787,0,0
2026-04-25,186900.14,10916.7,2546,15,0
2026-04-26,160155.51,9924.72,2123,5,0
2026-04-27,85653.7,6546.66,1308,0,0
2026-04-28,82092.48,2337.35,950,10,0
2026-04-29,78484.67,2987.6,943,5,0
2026-04-30,111106.9,7112.29,1509,5,0
2026-05-01,143149.72,10412.36,1867,10,0
2026-05-02,141918.66,7866.99,1952,5,0
2026-05-03,149573.38,9948.0,2213,5,0
2026-05-04,93684.9,6598.08,1468,10,0
2026-05-05,77482.91,3151.73,900,0,0
2026-05-06,93881.77,7069.83,1612,5,0
2026-05-07,87678.43,6058.39,1253,10,0
2026-05-08,110367.41,5933.2,1365,10,0
2026-05-09,100993.66,3138.8,1183,0,0
2026-05-10,135543.4,6519.77,1687,10,0
2026-05-11,86629.12,3221.21,953,10,0
2026-05-12,77695.18,3907.43,864,5,0
2026-05-13,79646.07,4327.84,1104,0,0
2026-05-14,92529.81,6508.54,1394,5,0
2026-05-15,122688.52,10680.72,1808,0,0
2026-05-16,153522.05,9228.66,2198,0,0
2026-05-17,123864.99,6152.66,1598,5,0
2026-05-18,98733.74,7897.68,1655,0,0
2026-05-19,74523.3,4430.89,1183,0,0
2026-05-20,84589.42,7217.2,1411,0,0
2026-05-21,82404.68,5558.34,1177,0,0
2026-05-22,112899.57,9035.91,1664,0,0
2026-05-23,126795.63,3793.2,1497,5,0
2026-05-24,140669.73,7821.59,1835,0,0
2026-05-25,77273.9,3693.88,920,0,0
2026-05-26,89259.74,6150.32,1315,5,0
2026-05-27,87270.65,5086.94,1201,0,0
2026-05-28,88555.38,5492.42,1289,5,0
2026-05-29,124657.39,10686.57,1864,5,0
2026-05-30,151218.16,8656.2,1971,10,0
2026-05-31,113381.44,3055.49,1270,5,0
2026-06-01,91914.82,6958.79,1383,5,0
2026-06-02,71895.61,3868.29,1069,10,0
2026-06-03,89170.25,7147.15,1381,5,0
2026-06-04,83903.41,3787.16,1042,0,0
2026-06-05,105686.82,4195.95,1140,10,0
2026-06-06,110833.61,2859.99,980,10,0
2026-06-07,163271.69,10285.58,2473,15,0
2026-06-08,85696.82,6233.69,1262,0,0
2026-06-09,77568.01,3690.95,1035,10,0
2026-06-10,88166.76,7614.96,1369,0,0
2026-06-11,78109.14,2063.08,879,10,0
2026-06-12,125658.5,9452.74,1806,0,0
2026-06-13,137248.89,6894.21,1881,0,0
2026-06-14,111343.32,3999.64,1185,0,0
2026-06-15,97897.0,6941.87,1488,0,0
